{"meta": {"format": 3, "version": "7.10.6", "timestamp": "2025-09-02T20:57:18.009672", "branch_coverage": true, "show_contexts": false}, "files": {"scripts\\linting\\domain_linter.py": {"executed_lines": [2, 21, 23, 24, 25, 26, 27, 30, 31, 32, 33, 34, 35, 36, 38, 39, 41, 43, 45, 47, 50, 52, 53, 57, 58, 59, 61, 62, 67, 70, 72, 73, 74, 78, 79, 80, 81, 84, 88, 93, 96, 97, 100, 101, 102, 103, 105, 106, 107, 108, 109, 110, 112, 113, 114, 116, 123, 125, 128, 129, 132, 134, 135, 136, 138, 139, 144, 147, 149, 150, 151, 155, 156, 157, 158, 161, 165, 170, 173, 181, 192, 193, 194, 195, 196, 204, 205, 206, 213, 215, 217, 218, 221, 225, 227, 228, 230, 231, 233, 234, 235, 236, 238, 239, 240, 242, 243, 244, 246, 247, 248, 249, 251, 253, 255, 258, 260, 261, 262, 263, 264, 265, 266, 267, 268, 270, 271, 274, 380], "summary": {"covered_lines": 127, "num_statements": 223, "percent_covered": 54.4891640866873, "percent_covered_display": "54", "missing_lines": 96, "excluded_lines": 2, "num_branches": 100, "num_partial_branches": 27, "covered_branches": 49, "missing_branches": 51}, "missing_lines": [48, 54, 63, 64, 76, 85, 86, 89, 94, 118, 119, 120, 121, 126, 140, 141, 153, 162, 163, 166, 171, 174, 176, 177, 178, 207, 209, 210, 211, 222, 223, 256, 275, 287, 288, 289, 290, 291, 292, 293, 294, 296, 299, 300, 301, 303, 304, 305, 307, 309, 311, 312, 313, 316, 317, 318, 320, 321, 324, 325, 326, 329, 330, 331, 334, 335, 336, 338, 339, 340, 343, 344, 345, 346, 347, 349, 352, 353, 354, 356, 359, 360, 362, 363, 364, 365, 366, 367, 368, 370, 372, 373, 374, 375, 376, 377], "excluded_lines": [380, 381], "executed_branches": [[38, -31], [38, 39], [47, 50], [53, 57], [62, 67], [73, 74], [79, 80], [88, 93], [93, 96], [96, 97], [96, 100], [101, 102], [102, 103], [102, 116], [103, 105], [106, 107], [112, 113], [125, 128], [139, 144], [150, 151], [156, 157], [165, 170], [170, 173], [173, 181], [192, 193], [192, 213], [193, 192], [193, 194], [204, 205], [206, 192], [227, 228], [227, 230], [233, 234], [233, 242], [234, 233], [234, 235], [235, 236], [238, 239], [246, 247], [248, 249], [248, 251], [255, 258], [260, 261], [262, 263], [262, 270], [263, 264], [266, 262], [266, 267], [267, 268]], "missing_branches": [[47, 48], [53, 54], [62, 63], [73, 76], [79, 88], [88, 89], [93, 94], [101, 116], [103, 102], [106, 102], [112, 114], [125, 126], [139, 140], [150, 153], [156, 165], [165, 166], [170, 171], [173, 174], [177, 178], [177, 181], [204, 192], [206, 207], [210, 192], [210, 211], [235, 234], [238, 234], [246, 251], [255, 256], [260, 270], [263, 262], [267, 266], [303, 304], [303, 307], [320, 321], [320, 324], [324, 325], [324, 329], [329, 330], [329, 334], [335, 336], [335, 343], [338, 339], [338, 343], [343, 344], [343, 370], [352, 353], [352, 359], [353, 354], [353, 356], [362, 363], [362, 365]], "functions": {"DomainLinter.__init__": {"executed_lines": [32, 33, 34, 35, 36, 38, 39], "summary": {"covered_lines": 7, "num_statements": 7, "percent_covered": 100.0, "percent_covered_display": "100", "missing_lines": 0, "excluded_lines": 0, "num_branches": 2, "num_partial_branches": 0, "covered_branches": 2, "missing_branches": 0}, "missing_lines": [], "excluded_lines": [], "executed_branches": [[38, -31], [38, 39]], "missing_branches": []}, "DomainLinter.get_domain_files": {"executed_lines": [43], "summary": {"covered_lines": 1, "num_statements": 1, "percent_covered": 100.0, "percent_covered_display": "100", "missing_lines": 0, "excluded_lines": 0, "num_branches": 0, "num_partial_branches": 0, "covered_branches": 0, "missing_branches": 0}, "missing_lines": [], "excluded_lines": [], "executed_branches": [], "missing_branches": []}, "DomainLinter.run_lint_check": {"executed_lines": [47, 50, 52, 53, 57, 58, 59, 61, 62, 67, 70, 72, 73, 74, 78, 79, 80, 81, 84, 88, 93, 96, 97, 100, 101, 102, 103, 105, 106, 107, 108, 109, 110, 112, 113, 114, 116], "summary": {"covered_lines": 37, "num_statements": 50, "percent_covered": 68.42105263157895, "percent_covered_display": "68", "missing_lines": 13, "excluded_lines": 0, "num_branches": 26, "num_partial_branches": 11, "covered_branches": 15, "missing_branches": 11}, "missing_lines": [48, 54, 63, 64, 76, 85, 86, 89, 94, 118, 119, 120, 121], "excluded_lines": [], "executed_branches": [[47, 50], [53, 57], [62, 67], [73, 74], [79, 80], [88, 93], [93, 96], [96, 97], [96, 100], [101, 102], [102, 103], [102, 116], [103, 105], [106, 107], [112, 113]], "missing_branches": [[47, 48], [53, 54], [62, 63], [73, 76], [79, 88], [88, 89], [93, 94], [101, 116], [103, 102], [106, 102], [112, 114]]}, "DomainLinter.apply_fixes": {"executed_lines": [125, 128, 129, 132, 134, 135, 136, 138, 139, 144, 147, 149, 150, 151, 155, 156, 157, 158, 161, 165, 170, 173, 181, 192, 193, 194, 195, 196, 204, 205, 206, 213], "summary": {"covered_lines": 32, "num_statements": 48, "percent_covered": 60.810810810810814, "percent_covered_display": "61", "missing_lines": 16, "excluded_lines": 0, "num_branches": 26, "num_partial_branches": 9, "covered_branches": 13, "missing_branches": 13}, "missing_lines": [126, 140, 141, 153, 162, 163, 166, 171, 174, 176, 177, 178, 207, 209, 210, 211], "excluded_lines": [], "executed_branches": [[125, 128], [139, 144], [150, 151], [156, 157], [165, 170], [170, 173], [173, 181], [192, 193], [192, 213], [193, 192], [193, 194], [204, 205], [206, 192]], "missing_branches": [[125, 126], [139, 140], [150, 153], [156, 165], [165, 166], [170, 171], [173, 174], [177, 178], [177, 181], [204, 192], [206, 207], [210, 192], [210, 211]]}, "DomainLinter.stage_changes": {"executed_lines": [217, 218, 221], "summary": {"covered_lines": 3, "num_statements": 5, "percent_covered": 60.0, "percent_covered_display": "60", "missing_lines": 2, "excluded_lines": 0, "num_branches": 0, "num_partial_branches": 0, "covered_branches": 0, "missing_branches": 0}, "missing_lines": [222, 223], "excluded_lines": [], "executed_branches": [], "missing_branches": []}, "DomainLinter.generate_report": {"executed_lines": [227, 228, 230, 231, 233, 234, 235, 236, 238, 239, 240, 242, 243, 244, 246, 247, 248, 249, 251], "summary": {"covered_lines": 19, "num_statements": 19, "percent_covered": 90.9090909090909, "percent_covered_display": "91", "missing_lines": 0, "excluded_lines": 0, "num_branches": 14, "num_partial_branches": 3, "covered_branches": 11, "missing_branches": 3}, "missing_lines": [], "excluded_lines": [], "executed_branches": [[227, 228], [227, 230], [233, 234], [233, 242], [234, 233], [234, 235], [235, 236], [238, 239], [246, 247], [248, 249], [248, 251]], "missing_branches": [[235, 234], [238, 234], [246, 251]]}, "DomainLinter.save_report": {"executed_lines": [255, 258, 260, 261, 262, 263, 264, 265, 266, 267, 268, 270, 271], "summary": {"covered_lines": 13, "num_statements": 14, "percent_covered": 80.76923076923077, "percent_covered_display": "81", "missing_lines": 1, "excluded_lines": 0, "num_branches": 12, "num_partial_branches": 4, "covered_branches": 8, "missing_branches": 4}, "missing_lines": [256], "excluded_lines": [], "executed_branches": [[255, 258], [260, 261], [262, 263], [262, 270], [263, 264], [266, 262], [266, 267], [267, 268]], "missing_branches": [[255, 256], [260, 270], [263, 262], [267, 266]]}, "main": {"executed_lines": [], "summary": {"covered_lines": 0, "num_statements": 64, "percent_covered": 0.0, "percent_covered_display": "0", "missing_lines": 64, "excluded_lines": 0, "num_branches": 20, "num_partial_branches": 0, "covered_branches": 0, "missing_branches": 20}, "missing_lines": [275, 287, 288, 289, 290, 291, 292, 293, 294, 296, 299, 300, 301, 303, 304, 305, 307, 309, 311, 312, 313, 316, 317, 318, 320, 321, 324, 325, 326, 329, 330, 331, 334, 335, 336, 338, 339, 340, 343, 344, 345, 346, 347, 349, 352, 353, 354, 356, 359, 360, 362, 363, 364, 365, 366, 367, 368, 370, 372, 373, 374, 375, 376, 377], "excluded_lines": [], "executed_branches": [],