{"meta": {"format": 3, "version": "7.10.6", "timestamp": "2025-09-06T14:15:53.187707", "branch_coverage": true, "show_contexts": false}, "files": {"scripts\\linting\\domain_linter.py": {"executed_lines": [2, 21, 23, 24, 25, 26, 27, 30, 31, 32, 33, 34, 35, 36, 38, 39, 40, 42, 44, 46, 48, 51, 53, 54, 58, 59, 60, 62, 63, 68, 71, 73, 74, 75, 79, 80, 81, 82, 85, 89, 95, 98, 99, 102, 103, 104, 105, 107, 108, 109, 110, 111, 112, 114, 115, 116, 118, 125, 127, 130, 131, 134, 136, 137, 138, 140, 141, 146, 149, 151, 152, 153, 157, 158, 159, 160, 163, 167, 173, 176, 184, 195, 196, 197, 198, 199, 207, 208, 209, 216, 218, 220, 221, 224, 228, 230, 231, 233, 234, 236, 237, 238, 239, 241, 242, 243, 245, 246, 247, 249, 250, 251, 252, 254, 256, 258, 261, 263, 264, 265, 266, 267, 268, 269, 270, 271, 273, 274, 277, 383], "summary": {"covered_lines": 128, "num_statements": 226, "percent_covered": 54.29447852760736, "percent_covered_display": "54", "missing_lines": 98, "excluded_lines": 2, "num_branches": 100, "num_partial_branches": 27, "covered_branches": 49, "missing_branches": 51}, "missing_lines": [49, 55, 64, 65, 77, 86, 87, 90, 91, 96, 120, 121, 122, 123, 128, 142, 143, 155, 164, 165, 168, 169, 174, 177, 179, 180, 181, 210, 212, 213, 214, 225, 226, 259, 278, 290, 291, 292, 293, 294, 295, 296, 297, 299, 302, 303, 304, 306, 307, 308, 310, 312, 314, 315, 316, 319, 320, 321, 323, 324, 327, 328, 329, 332, 333, 334, 337, 338, 339, 341, 342, 343, 346, 347, 348, 349, 350, 352, 355, 356, 357, 359, 362, 363, 365, 366, 367, 368, 369, 370, 371, 373, 375, 376, 377, 378, 379, 380], "excluded_lines": [383, 384], "executed_branches": [[38, -31], [38, 39], [48, 51], [54, 58], [63, 68], [74, 75], [80, 81], [89, 95], [95, 98], [98, 99], [98, 102], [103, 104], [104, 105], [104, 118], [105, 107], [108, 109], [114, 115], [127, 130], [141, 146], [152, 153], [158, 159], [167, 173], [173, 176], [176, 184], [195, 196], [195, 216], [196, 195], [196, 197], [207, 208], [209, 195], [230, 231], [230, 233], [236, 237], [236, 245], [237, 236], [237, 238], [238, 239], [241, 242], [249, 250], [251, 252], [251, 254], [258, 261], [263, 264], [265, 266], [265, 273], [266, 267], [269, 265], [269, 270], [270, 271]], "missing_branches": [[48, 49], [54, 55], [63, 64], [74, 77], [80, 89], [89, 90], [95, 96], [103, 118], [105, 104], [108, 104], [114, 116], [127, 128], [141, 142], [152, 155], [158, 167], [167, 168], [173, 174], [176, 177], [180, 181], [180, 184], [207, 195], [209, 210], [213, 195], [213, 214], [238, 237], [241, 237], [249, 254], [258, 259], [263, 273], [266, 265], [270, 269], [306, 307], [306, 310], [323, 324], [323, 327], [327, 328], [327, 332], [332, 333], [332, 337], [338, 339], [338, 346], [341, 342], [341, 346], [346, 347], [346, 373], [355, 356], [355, 362], [356, 357], [356, 359], [365, 366], [365, 368]], "functions": {"DomainLinter.__init__": {"executed_lines": [32, 33, 34, 35, 36, 38, 39, 40], "summary": {"covered_lines": 8, "num_statements": 8, "percent_covered": 100.0, "percent_covered_display": "100", "missing_lines": 0, "excluded_lines": 0, "num_branches": 2, "num_partial_branches": 0, "covered_branches": 2, "missing_branches": 0}, "missing_lines": [], "excluded_lines": [], "executed_branches": [[38, -31], [38, 39]], "missing_branches": []}, "DomainLinter.get_domain_files": {"executed_lines": [44], "summary": {"covered_lines": 1, "num_statements": 1, "percent_covered": 100.0, "percent_covered_display": "100", "missing_lines": 0, "excluded_lines": 0, "num_branches": 0, "num_partial_branches": 0, "covered_branches": 0, "missing_branches": 0}, "missing_lines": [], "excluded_lines": [], "executed_branches": [], "missing_branches": []}, "DomainLinter.run_lint_check": {"executed_lines": [48, 51, 53, 54, 58, 59, 60, 62, 63, 68, 71, 73, 74, 75, 79, 80, 81, 82, 85, 89, 95, 98, 99, 102, 103, 104, 105, 107, 108, 109, 110, 111, 112, 114, 115, 116, 118], "summary": {"covered_lines": 37, "num_statements": 51, "percent_covered": 67.53246753246754, "percent_covered_display": "68", "missing_lines": 14, "excluded_lines": 0, "num_branches": 26, "num_partial_branches": 11, "covered_branches": 15, "missing_branches": 11}, "missing_lines": [49, 55, 64, 65, 77, 86, 87, 90, 91, 96, 120, 121, 122, 123], "excluded_lines": [], "executed_branches": [[48, 51], [54, 58], [63, 68], [74, 75], [80, 81], [89, 95], [95, 98], [98, 99], [98, 102], [103, 104], [104, 105], [104, 118], [105, 107], [108, 109], [114, 115]], "missing_branches": [[48, 49], [54, 55], [63, 64], [74, 77], [80, 89], [89, 90], [95, 96], [103, 118], [105, 104], [108, 104], [114, 116]]}, "DomainLinter.apply_fixes": {"executed_lines": [127, 130, 131, 134, 136, 137, 138, 140, 141, 146, 149, 151, 152, 153, 157, 158, 159, 160, 163, 167, 173, 176, 184, 195, 196, 197, 198, 199, 207, 208, 209, 216], "summary": {"covered_lines": 32, "num_statements": 49, "percent_covered": 60.0, "percent_covered_display": "60", "missing_lines": 17, "excluded_lines": 0, "num_branches": 26, "num_partial_branches": 9, "covered_branches": 13, "missing_branches": 13}, "missing_lines": [128, 142, 143, 155, 164, 165, 168, 169, 174, 177, 179, 180, 181, 210, 212, 213, 214], "excluded_lines": [], "executed_branches": [[127, 130], [141, 146], [152, 153], [158, 159], [167, 173], [173, 176], [176, 184], [195, 196], [195, 216], [196, 195], [196, 197], [207, 208], [209, 195]], "missing_branches": [[127, 128], [141, 142], [152, 155], [158, 167], [167, 168], [173, 174], [176, 177], [180, 181], [180, 184], [207, 195], [209, 210], [213, 195], [213, 214]]}, "DomainLinter.stage_changes": {"executed_lines": [220, 221, 224], "summary": {"covered_lines": 3, "num_statements": 5, "percent_covered": 60.0, "percent_covered_display": "60", "missing_lines": 2, "excluded_lines": 0, "num_branches": 0, "num_partial_branches": 0, "covered_branches": 0, "missing_branches": 0}, "missing_lines": [225, 226], "excluded_lines": [], "executed_branches": [], "missing_branches": []}, "DomainLinter.generate_report": {"executed_lines": [230, 231, 233, 234, 236, 237, 238, 239, 241, 242, 243, 245, 246, 247, 249, 250, 251, 252, 254], "summary": {"covered_lines": 19, "num_statements": 19, "percent_covered": 90.9090909090909, "percent_covered_display": "91", "missing_lines": 0, "excluded_lines": 0, "num_branches": 14, "num_partial_branches": 3, "covered_branches": 11, "missing_branches": 3}, "missing_lines": [], "excluded_lines": [], "executed_branches": [[230, 231], [230, 233], [236, 237], [236, 245], [237, 236], [237, 238], [238, 239], [241, 242], [249, 250], [251, 252], [251, 254]], "missing_branches": [[238, 237], [241, 237], [249, 254]]}, "DomainLinter.save_report": {"executed_lines": [258, 261, 263, 264, 265, 266, 267, 268, 269, 270, 271, 273, 274], "summary": {"covered_lines": 13, "num_statements": 14, "percent_covered": 80.76923076923077, "percent_covered_display": "81", "missing_lines": 1, "excluded_lines": 0, "num_branches": 12, "num_partial_branches": 4, "covered_branches": 8, "missing_branches": 4}, "missing_lines": [259], "excluded_lines": [], "executed_branches": [[258, 261], [263, 264], [265, 266], [265, 273], [266, 267], [269, 265], [269, 270], [270, 271]], "missing_branches": [[258, 259], [263, 273], [266, 265], [270, 269]]}, "main": {"executed_lines": [], "summary": {"covered_lines": 0, "num_statements": 64, "percent_covered": 0.0, "percent_covered_display": "0", "missing_lines": 64, "excluded_lines": 0, "num_branches": 20, "num_partial_branches": 0, "covered_branches": 0, "missing_branches": 20}, "missing_lines": [278, 290, 291, 292, 293, 294, 295, 296, 297, 299, 302, 303, 304, 306, 307, 308, 310, 312, 314, 315, 316, 319, 320, 321, 323, 324, 327, 328, 329, 332, 333, 334, 337, 338, 339, 341, 342, 343, 346, 347, 348, 349, 350, 352, 355, 356, 357, 359, 362, 363, 365, 366, 367, 368, 369, 370, 371, 373, 375, 376, 377, 378, 379, 380], "excluded_lines": [], "executed_branches": [],